{"cameraMode":{"drawMode":0,"name":"Shaded","section":"Shading Mode"},"sceneLighting":true,"audioPlay":false,"sceneViewState":{"m_AlwaysRefresh":false,"showFog":true,"showSkybox":true,"showFlares":true,"showImageEffects":true,"showParticleSystems":true,"showVisualEffectGraphs":true,"m_FxEnabled":true},"in2DMode":false,"pivot":{"x":-71.41764831542969,"y":2.181863307952881,"z":132.74354553222657},"rotation":{"x":0.0021461586002260448,"y":0.13214454054832459,"z":0.0004871212295256555,"w":-0.9914180040359497},"size":1.5473896265029908,"orthographic":false}