{"cameraMode":{"drawMode":0,"name":"Shaded","section":"Shading Mode"},"sceneLighting":true,"audioPlay":false,"sceneViewState":{"m_AlwaysRefresh":false,"showFog":true,"showSkybox":true,"showFlares":true,"showImageEffects":true,"showParticleSystems":true,"showVisualEffectGraphs":true,"m_FxEnabled":true},"in2DMode":false,"pivot":{"x":-34.585391998291019,"y":1.883731484413147,"z":105.59024047851563},"rotation":{"x":0.0010878467001020909,"y":-0.8789945840835571,"z":-0.0019027034286409617,"w":-0.47706860303878786},"size":24.91632080078125,"orthographic":false}